M_over_m,T_rod_only_s,T_rod_plus_bar_s
0.0,1.5753265826272609,1.5753265826272609
0.008032128514056224,1.5753265826272609,1.5717603776289168
0.01606425702811245,1.5753265826272609,1.5682426370487499
0.024096385542168672,1.5753265826272609,1.5647723536555687
0.0321285140562249,1.5753265826272609,1.5613485484932454
0.040160642570281124,1.5753265826272609,1.5579702698804327
0.048192771084337345,1.5753265826272609,1.55463659245294
0.056224899598393566,1.5753265826272609,1.551346616246644
0.0642570281124498,1.5753265826272609,1.5480994658189224
0.07228915662650602,1.5753265826272609,1.544894289406727
0.08032128514056225,1.5753265826272609,1.5417302581195005
0.08835341365461846,1.5753265826272609,1.5386065651652603
0.09638554216867469,1.5753265826272609,1.5355224251082489
0.10441767068273092,1.5753265826272609,1.5324770731566477
0.11244979919678713,1.5753265826272609,1.5294697644789357
0.12048192771084336,1.5753265826272609,1.526499773547535
0.1285140562248996,1.5753265826272609,1.523566393508482
0.1365461847389558,1.5753265826272609,1.52066893557591
0.14457831325301204,1.5753265826272609,1.5178067284502013
0.15261044176706826,1.5753265826272609,1.5149791177587342
0.1606425702811245,1.5753265826272609,1.5121854655181874
0.1686746987951807,1.5753265826272609,1.5094251496174418
0.17670682730923692,1.5753265826272609,1.506697563320147
0.18473895582329317,1.5753265826272609,1.5040021147860854
0.19277108433734938,1.5753265826272609,1.5013382266105018
0.2008032128514056,1.5753265826272609,1.498705335380604
0.20883534136546184,1.5753265826272609,1.4961028912484928
0.21686746987951805,1.5753265826272609,1.493530357519811
0.22489959839357426,1.5753265826272609,1.490987210257423
0.2329317269076305,1.5753265826272609,1.4884729378994992
0.24096385542168672,1.5753265826272609,1.4859870408913778
0.24899598393574296,1.5753265826272609,1.4835290313306344
0.2570281124497992,1.5753265826272609,1.4810984326247965
0.2650602409638554,1.5753265826272609,1.4786947791611829
0.2730923694779116,1.5753265826272609,1.4763176159883589
0.28112449799196787,1.5753265826272609,1.4739664985087368
0.2891566265060241,1.5753265826272609,1.4716409921818587
0.2971887550200803,1.5753265826272609,1.4693406722379323
0.3052208835341365,1.5753265826272609,1.4670651234012018
0.3132530120481927,1.5753265826272609,1.4648139396227635
0.321285140562249,1.5753265826272609,1.4625867238224421
0.3293172690763052,1.5753265826272609,1.4603830876393757
0.3373493975903614,1.5753265826272609,1.458202651190961
0.34538152610441764,1.5753265826272609,1.4560450428398313
0.35341365461847385,1.5753265826272609,1.4539098989685584
0.36144578313253006,1.5753265826272609,1.451796863761772
0.36947791164658633,1.5753265826272609,1.4497055889954173
0.37751004016064255,1.5753265826272609,1.447635733832873
0.38554216867469876,1.5753265826272609,1.4455869646276722
0.393574297188755,1.5753265826272609,1.4435589547325725
0.4016064257028112,1.5753265826272609,1.441551384314737
0.40963855421686746,1.5753265826272609,1.4395639401768001
0.41767068273092367,1.5753265826272609,1.4375963155835971
0.4257028112449799,1.5753265826272609,1.4356482100943448
0.4337349397590361,1.5753265826272609,1.43371932940008
0.4417670682730923,1.5753265826272609,1.4318093851661542
0.4497991967871485,1.5753265826272609,1.4299180948796089
0.4578313253012048,1.5753265826272609,1.4280451817012485
0.465863453815261,1.5753265826272609,1.4261903743222437
0.4738955823293172,1.5753265826272609,1.4243534068251058
0.48192771084337344,1.5753265826272609,1.4225340185488706
0.48995983935742965,1.5753265826272609,1.4207319539583476
0.4979919678714859,1.5753265826272609,1.4189469625172877
0.5060240963855421,1.5753265826272609,1.4171787985653364
0.5140562248995983,1.5753265826272609,1.415427221198634
0.5220883534136546,1.5753265826272609,1.413691994153943
0.5301204819277108,1.5753265826272609,1.4119728856961749
0.538152610441767,1.5753265826272609,1.4102696685092047
0.5461847389558232,1.5753265826272609,1.4085821195898576
0.5542168674698794,1.5753265826272609,1.4069100201449618
0.5622489959839357,1.5753265826272609,1.4052531554913597
0.570281124497992,1.5753265826272609,1.4036113149587865
0.5783132530120482,1.5753265826272609,1.4019842917955108
0.5863453815261044,1.5753265826272609,1.4003718830766498
0.5943775100401606,1.5753265826272609,1.3987738896150703
0.6024096385542168,1.5753265826272609,1.397190115874791
0.610441767068273,1.5753265826272609,1.3956203698868
0.6184738955823292,1.5753265826272609,1.394064463167214
0.6265060240963854,1.5753265826272609,1.3925222106376993
0.6345381526104417,1.5753265826272609,1.3909934305480802
0.642570281124498,1.5753265826272609,1.3894779444010734
0.6506024096385542,1.5753265826272609,1.3879755768790651
0.6586345381526104,1.5753265826272609,1.3864861557728823
0.6666666666666666,1.5753265826272609,1.3850095119124792
0.6746987951807228,1.5753265826272609,1.3835454790994937
0.6827309236947791,1.5753265826272609,1.382093894041602
0.6907630522088353,1.5753265826272609,1.3806545962886219
0.6987951807228915,1.5753265826272609,1.3792274281703112
0.7068273092369477,1.5753265826272609,1.3778122347358024
0.7148594377510039,1.5753265826272609,1.3764088636946317
0.7228915662650601,1.5753265826272609,1.375017165359306
0.7309236947791165,1.5753265826272609,1.3736369925893643
0.7389558232931727,1.5753265826272609,1.3722682007368887
0.7469879518072289,1.5753265826272609,1.3709106475934187
0.7550200803212851,1.5753265826272609,1.369564193338228
0.7630522088353413,1.5753265826272609,1.3682287004879243
0.7710843373493975,1.5753265826272609,1.366904033847327
0.7791164658634537,1.5753265826272609,1.3655900604615934
0.78714859437751,1.5753265826272609,1.364286649569548
0.7951807228915662,1.5753265826272609,1.3629936725581855
0.8032128514056224,1.5753265826272609,1.361711002918309
0.8112449799196786,1.5753265826272609,1.3604385162012738
0.8192771084337349,1.5753265826272609,1.3591760899767997
0.8273092369477911,1.5753265826272609,1.3579236037918272
0.8353413654618473,1.5753265826272609,1.3566809391303827
0.8433734939759036,1.5753265826272609,1.3554479793744234
0.8514056224899598,1.5753265826272609,1.3542246097656405
0.859437751004016,1.5753265826272609,1.3530107173681811
0.8674698795180722,1.5753265826272609,1.351806191032279
0.8755020080321284,1.5753265826272609,1.3506109213587516
0.8835341365461846,1.5753265826272609,1.3494248006643528
0.8915662650602408,1.5753265826272609,1.348247722947949
0.899598393574297,1.5753265826272609,1.3470795838574994
0.9076305220883534,1.5753265826272609,1.345920280657816
0.9156626506024096,1.5753265826272609,1.3447697121990854
0.9236947791164658,1.5753265826272609,1.3436277788861235
0.931726907630522,1.5753265826272609,1.3424943826483553
0.9397590361445782,1.5753265826272609,1.3413694269104883
0.9477911646586344,1.5753265826272609,1.3402528165638656
0.9558232931726907,1.5753265826272609,1.339144457938483
0.9638554216867469,1.5753265826272609,1.3380442587756445
0.9718875502008031,1.5753265826272609,1.3369521282012498
0.9799196787148593,1.5753265826272609,1.3358679766996848
0.9879518072289156,1.5753265826272609,1.3347917160883092
0.9959839357429718,1.5753265826272609,1.3337232594925192
1.004016064257028,1.5753265826272609,1.332662521321373
1.0120481927710843,1.5753265826272609,1.3316094172437625
1.0200803212851404,1.5753265826272609,1.3305638641651192
1.0281124497991967,1.5753265826272609,1.329525780204636
1.036144578313253,1.5753265826272609,1.3284950846729981
1.0441767068273091,1.5753265826272609,1.3274716980506036
1.0522088353413654,1.5753265826272609,1.3264555419662623
1.0602409638554215,1.5753265826272609,1.3254465391763655
1.0682730923694779,1.5753265826272609,1.324444613544508
1.076305220883534,1.5753265826272609,1.3234496900215524
1.0843373493975903,1.5753265826272609,1.3224616946261314
1.0923694779116464,1.5753265826272609,1.3214805544255621
1.1004016064257027,1.5753265826272609,1.3205061975171812
1.1084337349397588,1.5753265826272609,1.319538553010073
1.1164658634538152,1.5753265826272609,1.3185775510071882
1.1244979919678715,1.5753265826272609,1.3176231225878499
1.1325301204819276,1.5753265826272609,1.3166751997906199
1.140562248995984,1.5753265826272609,1.3157337155965376
1.14859437751004,1.5753265826272609,1.3147986039127042
1.1566265060240963,1.5753265826272609,1.3138697995562132
1.1646586345381524,1.5753265826272609,1.3129472382384193
1.1726907630522088,1.5753265826272609,1.3120308565495296
1.1807228915662649,1.5753265826272609,1.3111205919435205
1.1887550200803212,1.5753265826272609,1.3102163827233615
1.1967871485943773,1.5753265826272609,1.3093181680265449
1.2048192771084336,1.5753265826272609,1.3084258878109136
1.21285140562249,1.5753265826272609,1.3075394828407774
1.220883534136546,1.5753265826272609,1.3066588946733124
1.2289156626506024,1.5753265826272609,1.3057840656452357
1.2369477911646585,1.5753265826272609,1.304914938859753
1.2449799196787148,1.5753265826272609,1.3040514581737648
1.253012048192771,1.5753265826272609,1.3031935681853335
1.2610441767068272,1.5753265826272609,1.3023412142213981
1.2690763052208833,1.5753265826272609,1.3014943423257375
1.2771084337349397,1.5753265826272609,1.3006528992471704
1.285140562248996,1.5753265826272609,1.2998168324279904
1.293172690763052,1.5753265826272609,1.298986089992629
1.3012048192771084,1.5753265826272609,1.2981606207365421
1.3092369477911645,1.5753265826272609,1.2973403741153136
1.3172690763052208,1.5753265826272609,1.2965253002339727
1.325301204819277,1.5753265826272609,1.2957153498365197
1.3333333333333333,1.5753265826272609,1.2949104742956548
1.3413654618473894,1.5753265826272609,1.2941106256027048
1.3493975903614457,1.5753265826272609,1.2933157563577447
1.3574297188755018,1.5753265826272609,1.2925258197599108
1.3654618473895581,1.5753265826272609,1.2917407695978955
1.3734939759036144,1.5753265826272609,1.2909605602406284
1.3815261044176705,1.5753265826272609,1.2901851466281302
1.3895582329317269,1.5753265826272609,1.289414484262544
1.397590361445783,1.5753265826272609,1.2886485291993324
1.4056224899598393,1.5753265826272609,1.287887238038645
1.4136546184738954,1.5753265826272609,1.287130567916843
1.4216867469879517,1.5753265826272609,1.2863784764981867
1.4297188755020078,1.5753265826272609,1.2856309219666757
1.4377510040160641,1.5753265826272609,1.2848878630180411
1.4457831325301203,1.5753265826272609,1.2841492588518895
1.4538152610441766,1.5753265826272609,1.2834150691639847
1.461847389558233,1.5753265826272609,1.2826852541386813
1.469879518072289,1.5753265826272609,1.2819597744414886
1.4779116465863453,1.5753265826272609,1.2812385912117767
1.4859437751004014,1.5753265826272609,1.2805216660556116
1.4939759036144578,1.5753265826272609,1.2798089610387242
1.5020080321285139,1.5753265826272609,1.2791004386796034
1.5100401606425702,1.5753265826272609,1.278396061942717
1.5180722891566263,1.5753265826272609,1.2776957942318528
1.5261044176706826,1.5753265826272609,1.2769995993835794
1.5341365461847387,1.5753265826272609,1.2763074416608273
1.542168674698795,1.5753265826272609,1.2756192857465782
1.5502008032128514,1.5753265826272609,1.2749350967376745
1.5582329317269075,1.5753265826272609,1.274254840138731
1.5662650602409638,1.5753265826272609,1.2735784818561617
1.57429718875502,1.5753265826272609,1.2729059881923048
1.5823293172690762,1.5753265826272609,1.2722373258396573
1.5903614457831323,1.5753265826272609,1.2715724618752053
1.5983935742971886,1.5753265826272609,1.2709113637548581
1.6064257028112447,1.5753265826272609,1.270253999307976
1.614457831325301,1.5753265826272609,1.2696003367319946
1.6224899598393572,1.5753265826272609,1.2689503445871415
1.6305220883534135,1.5753265826272609,1.268303991791246
1.6385542168674698,1.5753265826272609,1.2676612476146354
1.646586345381526,1.5753265826272609,1.2670220816751203
1.6546184738955823,1.5753265826272609,1.2663864639330675
1.6626506024096384,1.5753265826272609,1.265754364686554
1.6706827309236947,1.5753265826272609,1.2651257545666044
1.6787148594377508,1.5753265826272609,1.2645006045325107
1.686746987951807,1.5753265826272609,1.2638788858672294
1.6947791164658632,1.5753265826272609,1.2632605701728568
1.7028112449799195,1.5753265826272609,1.2626456293661805
1.7108433734939756,1.5753265826272609,1.262034035674306
1.718875502008032,1.5753265826272609,1.2614257616303557
1.7269076305220883,1.5753265826272609,1.2608207800692397
1.7349397590361444,1.5753265826272609,1.2602190641234965
1.7429718875502007,1.5753265826272609,1.2596205872192054
1.7510040160642568,1.5753265826272609,1.2590253230719617
1.7590361445783131,1.5753265826272609,1.2584332456829224
1.7670682730923692,1.5753265826272609,1.2578443293349149
1.7751004016064256,1.5753265826272609,1.2572585485886105
1.7831325301204817,1.5753265826272609,1.2566758782787588
1.791164658634538,1.5753265826272609,1.256096293510486
1.799196787148594,1.5753265826272609,1.2555197696556513
1.8072289156626504,1.5753265826272609,1.2549462823492619
1.8152610441767068,1.5753265826272609,1.2543758074859492
1.8232931726907629,1.5753265826272609,1.2538083212164985
1.8313253012048192,1.5753265826272609,1.2532437999444355
1.8393574297188753,1.5753265826272609,1.2526822203226673
1.8473895582329316,1.5753265826272609,1.2521235592501798
1.8554216867469877,1.5753265826272609,1.2515677938687824
1.863453815261044,1.5753265826272609,1.251014901559909
1.8714859437751001,1.5753265826272609,1.250464859941469
1.8795180722891565,1.5753265826272609,1.2499176468647448
1.8875502008032128,1.5753265826272609,1.2493732404113431
1.8955823293172689,1.5753265826272609,1.2488316188901913
1.9036144578313252,1.5753265826272609,1.2482927608345797
1.9116465863453813,1.5753265826272609,1.247756644999255
1.9196787148594376,1.5753265826272609,1.2472232503575522
1.9277108433734937,1.5753265826272609,1.246692556098578
1.93574297188755,1.5753265826272609,1.2461645416244322
1.9437751004016062,1.5753265826272609,1.2456391865474763
1.9518072289156625,1.5753265826272609,1.2451164706876419
1.9598393574297186,1.5753265826272609,1.2445963740697816
1.967871485943775,1.5753265826272609,1.2440788769210593
1.9759036144578312,1.5753265826272609,1.2435639596683823
1.9839357429718874,1.5753265826272609,1.243051602935871
1.9919678714859437,1.5753265826272609,1.2425417875423679
2.0,1.5753265826272609,1.2420344944989852
